"time_period","Tajima_D","start_time_period","num_resampling","seq_continent","Hussin_name","start_time_period_formatted"
1,-2.19083311430457,2020-08-01,1,"South America","VIII","August 01"
1,-2.38214765889073,2020-08-01,2,"South America","VIII","August 01"
1,-2.22753487451891,2020-08-01,3,"South America","VIII","August 01"
1,-2.27167691069912,2020-08-01,4,"South America","VIII","August 01"
1,-2.31747013784348,2020-08-01,5,"South America","VIII","August 01"
1,-2.22075187005221,2020-08-01,6,"South America","VIII","August 01"
1,-2.22984844377527,2020-08-01,7,"South America","VIII","August 01"
1,-2.44892788356086,2020-08-01,8,"South America","VIII","August 01"
1,-2.30357002928117,2020-08-01,9,"South America","VIII","August 01"
1,-2.16786910590039,2020-08-01,10,"South America","VIII","August 01"
1,-2.33823776881905,2020-08-01,11,"South America","VIII","August 01"
1,-2.35719233159428,2020-08-01,12,"South America","VIII","August 01"
1,-2.29816399204602,2020-08-01,13,"South America","VIII","August 01"
1,-2.20538800094881,2020-08-01,14,"South America","VIII","August 01"
1,-2.22282952022537,2020-08-01,15,"South America","VIII","August 01"
1,-2.33922963810429,2020-08-01,16,"South America","VIII","August 01"
1,-2.47414694604252,2020-08-01,17,"South America","VIII","August 01"
1,-2.16431842231049,2020-08-01,18,"South America","VIII","August 01"
1,-2.1235335288632,2020-08-01,19,"South America","VIII","August 01"
1,-2.16965951707278,2020-08-01,20,"South America","VIII","August 01"
1,-2.37643308730585,2020-08-01,21,"South America","VIII","August 01"
1,-2.34776095796233,2020-08-01,22,"South America","VIII","August 01"
1,-2.18761491112475,2020-08-01,23,"South America","VIII","August 01"
1,-2.39641617946873,2020-08-01,24,"South America","VIII","August 01"
1,-2.41279876254503,2020-08-01,25,"South America","VIII","August 01"
1,-2.19294814495935,2020-08-01,26,"South America","VIII","August 01"
1,-2.36328780038628,2020-08-01,27,"South America","VIII","August 01"
1,-2.41705831638612,2020-08-01,28,"South America","VIII","August 01"
1,-2.29092342084608,2020-08-01,29,"South America","VIII","August 01"
1,-2.33270613417204,2020-08-01,30,"South America","VIII","August 01"
1,-2.31179007205259,2020-08-01,31,"South America","VIII","August 01"
1,-2.28775865657001,2020-08-01,32,"South America","VIII","August 01"
1,-2.09139564984699,2020-08-01,33,"South America","VIII","August 01"
1,-2.05690084833318,2020-08-01,34,"South America","VIII","August 01"
1,-2.2121673564622,2020-08-01,35,"South America","VIII","August 01"
1,-2.26128853059492,2020-08-01,36,"South America","VIII","August 01"
1,-2.44918906704359,2020-08-01,37,"South America","VIII","August 01"
1,-2.231314896709,2020-08-01,38,"South America","VIII","August 01"
1,-2.35013467129855,2020-08-01,39,"South America","VIII","August 01"
1,-2.38265516029945,2020-08-01,40,"South America","VIII","August 01"
1,-2.3929841766625,2020-08-01,41,"South America","VIII","August 01"
1,-2.30861590352891,2020-08-01,42,"South America","VIII","August 01"
1,-2.35644051112424,2020-08-01,43,"South America","VIII","August 01"
1,-2.32323366167176,2020-08-01,44,"South America","VIII","August 01"
1,-2.15163642442928,2020-08-01,45,"South America","VIII","August 01"
1,-2.05065411731212,2020-08-01,46,"South America","VIII","August 01"
1,-2.41616432691064,2020-08-01,47,"South America","VIII","August 01"
1,-2.28365784037203,2020-08-01,48,"South America","VIII","August 01"
1,-2.0801554061337,2020-08-01,49,"South America","VIII","August 01"
1,-2.19254029822862,2020-08-01,50,"South America","VIII","August 01"
1,-2.34045525545966,2020-08-01,51,"South America","VIII","August 01"
1,-2.13141291260631,2020-08-01,52,"South America","VIII","August 01"
1,-2.27150735362628,2020-08-01,53,"South America","VIII","August 01"
1,-2.35096458286573,2020-08-01,54,"South America","VIII","August 01"
1,-2.23031368652699,2020-08-01,55,"South America","VIII","August 01"
1,-2.19493876634313,2020-08-01,56,"South America","VIII","August 01"
1,-2.36235425270902,2020-08-01,57,"South America","VIII","August 01"
1,-2.08010997156987,2020-08-01,58,"South America","VIII","August 01"
1,-2.26343933769314,2020-08-01,59,"South America","VIII","August 01"
1,-2.39998100922316,2020-08-01,60,"South America","VIII","August 01"
1,-2.00686228993609,2020-08-01,61,"South America","VIII","August 01"
1,-2.23632248949718,2020-08-01,62,"South America","VIII","August 01"
1,-2.3731298458386,2020-08-01,63,"South America","VIII","August 01"
1,-2.26263561564508,2020-08-01,64,"South America","VIII","August 01"
1,-2.28089508035953,2020-08-01,65,"South America","VIII","August 01"
1,-2.37371615560743,2020-08-01,66,"South America","VIII","August 01"
1,-2.34800332892365,2020-08-01,67,"South America","VIII","August 01"
1,-2.2176924521844,2020-08-01,68,"South America","VIII","August 01"
1,-2.33149260949972,2020-08-01,69,"South America","VIII","August 01"
1,-2.19895912564245,2020-08-01,70,"South America","VIII","August 01"
1,-2.2631895470554,2020-08-01,71,"South America","VIII","August 01"
1,-2.24759950840552,2020-08-01,72,"South America","VIII","August 01"
1,-2.25538835574877,2020-08-01,73,"South America","VIII","August 01"
1,-2.33822846786455,2020-08-01,74,"South America","VIII","August 01"
1,-2.38954093153749,2020-08-01,75,"South America","VIII","August 01"
1,-2.39642924791697,2020-08-01,76,"South America","VIII","August 01"
1,-2.43991799918198,2020-08-01,77,"South America","VIII","August 01"
1,-2.31186786326368,2020-08-01,78,"South America","VIII","August 01"
1,-2.38797568573264,2020-08-01,79,"South America","VIII","August 01"
1,-2.21046973232789,2020-08-01,80,"South America","VIII","August 01"
1,-2.04547487346501,2020-08-01,81,"South America","VIII","August 01"
1,-2.35064368016306,2020-08-01,82,"South America","VIII","August 01"
1,-2.29902696036433,2020-08-01,83,"South America","VIII","August 01"
1,-2.12254519112872,2020-08-01,84,"South America","VIII","August 01"
1,-2.41174695342277,2020-08-01,85,"South America","VIII","August 01"
1,-2.13857243081763,2020-08-01,86,"South America","VIII","August 01"
1,-2.27049926896766,2020-08-01,87,"South America","VIII","August 01"
1,-2.42925385018763,2020-08-01,88,"South America","VIII","August 01"
1,-2.30337742791821,2020-08-01,89,"South America","VIII","August 01"
1,-2.27423056655934,2020-08-01,90,"South America","VIII","August 01"
1,-2.24407180971015,2020-08-01,91,"South America","VIII","August 01"
1,-2.31314050395394,2020-08-01,92,"South America","VIII","August 01"
1,-2.30413296601978,2020-08-01,93,"South America","VIII","August 01"
1,-2.1633036313955,2020-08-01,94,"South America","VIII","August 01"
1,-2.04439159188288,2020-08-01,95,"South America","VIII","August 01"
1,-2.15008830222259,2020-08-01,96,"South America","VIII","August 01"
1,-2.37894242542456,2020-08-01,97,"South America","VIII","August 01"
1,-2.21929843174102,2020-08-01,98,"South America","VIII","August 01"
1,-2.2209405290933,2020-08-01,99,"South America","VIII","August 01"
1,-2.40227771978832,2020-08-01,100,"South America","VIII","August 01"
1,-2.3327333271952,2020-08-01,101,"South America","VIII","August 01"
1,-2.37682857737634,2020-08-01,102,"South America","VIII","August 01"
1,-2.14470238755255,2020-08-01,103,"South America","VIII","August 01"
1,-2.2687109219824,2020-08-01,104,"South America","VIII","August 01"
1,-2.34607586525141,2020-08-01,105,"South America","VIII","August 01"
1,-2.15163642442928,2020-08-01,106,"South America","VIII","August 01"
1,-1.96010829097137,2020-08-01,107,"South America","VIII","August 01"
1,-2.43003641533223,2020-08-01,108,"South America","VIII","August 01"
1,-2.31574643422785,2020-08-01,109,"South America","VIII","August 01"
1,-1.99337759187032,2020-08-01,110,"South America","VIII","August 01"
1,-2.40774733094365,2020-08-01,111,"South America","VIII","August 01"
1,-2.2848913519695,2020-08-01,112,"South America","VIII","August 01"
1,-2.27225752788978,2020-08-01,113,"South America","VIII","August 01"
1,-2.24734466733381,2020-08-01,114,"South America","VIII","August 01"
1,-2.20504773900514,2020-08-01,115,"South America","VIII","August 01"
1,-2.18152444324381,2020-08-01,116,"South America","VIII","August 01"
1,-2.42579311249952,2020-08-01,117,"South America","VIII","August 01"
1,-2.41631795054177,2020-08-01,118,"South America","VIII","August 01"
1,-2.31335982238645,2020-08-01,119,"South America","VIII","August 01"
1,-2.24660802518553,2020-08-01,120,"South America","VIII","August 01"
1,-2.32303899808841,2020-08-01,121,"South America","VIII","August 01"
1,-2.4087021926758,2020-08-01,122,"South America","VIII","August 01"
1,-2.49784161577587,2020-08-01,123,"South America","VIII","August 01"
1,-2.40648841988562,2020-08-01,124,"South America","VIII","August 01"
1,-2.25109770890106,2020-08-01,125,"South America","VIII","August 01"
1,-2.32301142278917,2020-08-01,126,"South America","VIII","August 01"
1,-2.35779455032452,2020-08-01,127,"South America","VIII","August 01"
1,-2.44002977614498,2020-08-01,128,"South America","VIII","August 01"
1,-2.30144503406663,2020-08-01,129,"South America","VIII","August 01"
1,-2.1561367420409,2020-08-01,130,"South America","VIII","August 01"
1,-2.15980502948898,2020-08-01,131,"South America","VIII","August 01"
1,-2.31632331864824,2020-08-01,132,"South America","VIII","August 01"
1,-2.34219492340925,2020-08-01,133,"South America","VIII","August 01"
1,-2.23868518222851,2020-08-01,134,"South America","VIII","August 01"
1,-2.11077539232129,2020-08-01,135,"South America","VIII","August 01"
1,-2.3456750418639,2020-08-01,136,"South America","VIII","August 01"
1,-2.38748355453549,2020-08-01,137,"South America","VIII","August 01"
1,-2.36327900359523,2020-08-01,138,"South America","VIII","August 01"
1,-2.33061391099084,2020-08-01,139,"South America","VIII","August 01"
1,-2.1720803059948,2020-08-01,140,"South America","VIII","August 01"
1,-2.10815276576451,2020-08-01,141,"South America","VIII","August 01"
1,-2.36176832497015,2020-08-01,142,"South America","VIII","August 01"
1,-2.31256550557383,2020-08-01,143,"South America","VIII","August 01"
1,-2.47653528397665,2020-08-01,144,"South America","VIII","August 01"
1,-2.39519915142585,2020-08-01,145,"South America","VIII","August 01"
1,-2.10740566483294,2020-08-01,146,"South America","VIII","August 01"
1,-2.22591758110854,2020-08-01,147,"South America","VIII","August 01"
1,-2.34454929288683,2020-08-01,148,"South America","VIII","August 01"
1,-2.22634237253566,2020-08-01,149,"South America","VIII","August 01"
1,-1.91103569194287,2020-08-01,150,"South America","VIII","August 01"
1,-2.31856583170526,2020-08-01,151,"South America","VIII","August 01"
1,-2.26522291020652,2020-08-01,152,"South America","VIII","August 01"
1,-2.22214669460031,2020-08-01,153,"South America","VIII","August 01"
1,-2.1841484807513,2020-08-01,154,"South America","VIII","August 01"
1,-2.2320401927185,2020-08-01,155,"South America","VIII","August 01"
1,-2.26435816815062,2020-08-01,156,"South America","VIII","August 01"
1,-2.28101302400431,2020-08-01,157,"South America","VIII","August 01"
1,-2.46070363597404,2020-08-01,158,"South America","VIII","August 01"
1,-2.16483529658353,2020-08-01,159,"South America","VIII","August 01"
1,-2.37403622719106,2020-08-01,160,"South America","VIII","August 01"
1,-2.15655653862618,2020-08-01,161,"South America","VIII","August 01"
1,-2.21740858867076,2020-08-01,162,"South America","VIII","August 01"
1,-2.35013467129855,2020-08-01,163,"South America","VIII","August 01"
1,-2.40342870858563,2020-08-01,164,"South America","VIII","August 01"
1,-2.38343565187895,2020-08-01,165,"South America","VIII","August 01"
1,-2.05709517864574,2020-08-01,166,"South America","VIII","August 01"
1,-2.08561068884909,2020-08-01,167,"South America","VIII","August 01"
1,-2.3382092795455,2020-08-01,168,"South America","VIII","August 01"
1,-2.10225543322599,2020-08-01,169,"South America","VIII","August 01"
1,-2.28183342525358,2020-08-01,170,"South America","VIII","August 01"
1,-2.2805772166428,2020-08-01,171,"South America","VIII","August 01"
1,-2.31754620477424,2020-08-01,172,"South America","VIII","August 01"
1,-2.26982185506498,2020-08-01,173,"South America","VIII","August 01"
1,-2.35244998305209,2020-08-01,174,"South America","VIII","August 01"
1,-2.27752581142706,2020-08-01,175,"South America","VIII","August 01"
1,-2.1590860269101,2020-08-01,176,"South America","VIII","August 01"
1,-2.42129343525125,2020-08-01,177,"South America","VIII","August 01"
1,-2.27418128063967,2020-08-01,178,"South America","VIII","August 01"
1,-2.38731474442635,2020-08-01,179,"South America","VIII","August 01"
1,-2.44521155477611,2020-08-01,180,"South America","VIII","August 01"
1,-2.20901898884976,2020-08-01,181,"South America","VIII","August 01"
1,-2.41769803567837,2020-08-01,182,"South America","VIII","August 01"
1,-2.33173053551657,2020-08-01,183,"South America","VIII","August 01"
1,-2.256358659135,2020-08-01,184,"South America","VIII","August 01"
1,-2.26826945794145,2020-08-01,185,"South America","VIII","August 01"
1,-2.13242552593693,2020-08-01,186,"South America","VIII","August 01"
1,-2.38452950042558,2020-08-01,187,"South America","VIII","August 01"
1,-2.34775693787628,2020-08-01,188,"South America","VIII","August 01"
1,-2.1967597302954,2020-08-01,189,"South America","VIII","August 01"
1,-2.29414697236362,2020-08-01,190,"South America","VIII","August 01"
1,-2.29696906761454,2020-08-01,191,"South America","VIII","August 01"
1,-2.38512256231087,2020-08-01,192,"South America","VIII","August 01"
1,-2.25982569398062,2020-08-01,193,"South America","VIII","August 01"
1,-2.22744730699548,2020-08-01,194,"South America","VIII","August 01"
1,-2.38623308161103,2020-08-01,195,"South America","VIII","August 01"
1,-2.20854785289252,2020-08-01,196,"South America","VIII","August 01"
1,-2.33860166090284,2020-08-01,197,"South America","VIII","August 01"
1,-2.46299391009822,2020-08-01,198,"South America","VIII","August 01"
1,-2.40032788640012,2020-08-01,199,"South America","VIII","August 01"
1,-2.33006707819158,2020-08-01,200,"South America","VIII","August 01"
1,-2.37535628789446,2020-08-01,1,"South America","III","August 01"
1,-2.38985846680349,2020-08-01,2,"South America","III","August 01"
1,-2.35240608807414,2020-08-01,3,"South America","III","August 01"
1,-2.33682089279948,2020-08-01,4,"South America","III","August 01"
1,-2.44935292237389,2020-08-01,5,"South America","III","August 01"
1,-2.20661478450841,2020-08-01,6,"South America","III","August 01"
1,-2.42826354434722,2020-08-01,7,"South America","III","August 01"
1,-2.53057218979589,2020-08-01,8,"South America","III","August 01"
1,-2.51467411757845,2020-08-01,9,"South America","III","August 01"
1,-2.14820922823758,2020-08-01,10,"South America","III","August 01"
1,-2.35065086779987,2020-08-01,11,"South America","III","August 01"
1,-2.32676773364931,2020-08-01,12,"South America","III","August 01"
1,-1.98531696336743,2020-08-01,13,"South America","III","August 01"
1,-2.01466981123911,2020-08-01,14,"South America","III","August 01"
1,-2.10453681581329,2020-08-01,15,"South America","III","August 01"
1,-2.22274819560534,2020-08-01,16,"South America","III","August 01"
1,-2.18805430903988,2020-08-01,17,"South America","III","August 01"
1,-2.55943490334756,2020-08-01,18,"South America","III","August 01"
1,-2.08950599555197,2020-08-01,19,"South America","III","August 01"
1,-2.65402987141028,2020-08-01,20,"South America","III","August 01"
1,-2.23475654108607,2020-08-01,21,"South America","III","August 01"
1,-2.15901700371578,2020-08-01,22,"South America","III","August 01"
1,-2.38111408128309,2020-08-01,23,"South America","III","August 01"
1,-2.58485950248368,2020-08-01,24,"South America","III","August 01"
1,-2.31317223146355,2020-08-01,25,"South America","III","August 01"
1,-2.35731591579947,2020-08-01,26,"South America","III","August 01"
1,-2.37111955659786,2020-08-01,27,"South America","III","August 01"
1,-2.3154486901662,2020-08-01,28,"South America","III","August 01"
1,-2.30933585347294,2020-08-01,29,"South America","III","August 01"
1,-2.30355472910953,2020-08-01,30,"South America","III","August 01"
1,-2.35557648045291,2020-08-01,31,"South America","III","August 01"
1,-2.13451753285483,2020-08-01,32,"South America","III","August 01"
1,-2.5187247629116,2020-08-01,33,"South America","III","August 01"
1,-2.08888100109701,2020-08-01,34,"South America","III","August 01"
1,-2.25221119563251,2020-08-01,35,"South America","III","August 01"
1,-2.54332124824896,2020-08-01,36,"South America","III","August 01"
1,-2.49149779981362,2020-08-01,37,"South America","III","August 01"
1,-2.33047496140361,2020-08-01,38,"South America","III","August 01"
1,-2.34894811412585,2020-08-01,39,"South America","III","August 01"
1,-2.49478034901275,2020-08-01,40,"South America","III","August 01"
1,-2.16369365498196,2020-08-01,41,"South America","III","August 01"
1,-2.41967684890919,2020-08-01,42,"South America","III","August 01"
1,-2.19702710683747,2020-08-01,43,"South America","III","August 01"
1,-2.13214974547416,2020-08-01,44,"South America","III","August 01"
1,-2.43093306922997,2020-08-01,45,"South America","III","August 01"
1,-2.42860714558125,2020-08-01,46,"South America","III","August 01"
1,-2.40327665100198,2020-08-01,47,"South America","III","August 01"
1,-2.57697911781922,2020-08-01,48,"South America","III","August 01"
1,-2.27505630655781,2020-08-01,49,"South America","III","August 01"
1,-2.43979690614595,2020-08-01,50,"South America","III","August 01"
1,-2.44708849950076,2020-08-01,51,"South America","III","August 01"
1,-2.49081438814127,2020-08-01,52,"South America","III","August 01"
1,-2.45305017538865,2020-08-01,53,"South America","III","August 01"
1,-2.51573783344761,2020-08-01,54,"South America","III","August 01"
1,-2.47849460780574,2020-08-01,55,"South America","III","August 01"
1,-2.54483466430126,2020-08-01,56,"South America","III","August 01"
1,-2.50572096367699,2020-08-01,57,"South America","III","August 01"
1,-2.29613951426832,2020-08-01,58,"South America","III","August 01"
1,-2.25306712687251,2020-08-01,59,"South America","III","August 01"
1,-2.29420482682934,2020-08-01,60,"South America","III","August 01"
1,-1.84971084708433,2020-08-01,61,"South America","III","August 01"
1,-2.30146027506388,2020-08-01,62,"South America","III","August 01"
1,-2.75535730118217,2020-08-01,63,"South America","III","August 01"
1,-2.51586790423226,2020-08-01,64,"South America","III","August 01"
1,-2.37590041537866,2020-08-01,65,"South America","III","August 01"
1,-2.61899220888078,2020-08-01,66,"South America","III","August 01"
1,-2.18571186182306,2020-08-01,67,"South America","III","August 01"
1,-2.06991116954791,2020-08-01,68,"South America","III","August 01"
1,-2.52094666886272,2020-08-01,69,"South America","III","August 01"
1,-1.97014032510622,2020-08-01,70,"South America","III","August 01"
1,-2.25855090391792,2020-08-01,71,"South America","III","August 01"
1,-2.3946164739247,2020-08-01,72,"South America","III","August 01"
1,-2.26429144156183,2020-08-01,73,"South America","III","August 01"
1,-2.5109257070129,2020-08-01,74,"South America","III","August 01"
1,-2.64667097619206,2020-08-01,75,"South America","III","August 01"
1,-2.21115355507913,2020-08-01,76,"South America","III","August 01"
1,-2.30171710457606,2020-08-01,77,"South America","III","August 01"
1,-2.24915972937133,2020-08-01,78,"South America","III","August 01"
1,-2.51515289685127,2020-08-01,79,"South America","III","August 01"
1,-2.4509039999836,2020-08-01,80,"South America","III","August 01"
1,-2.27420307606434,2020-08-01,81,"South America","III","August 01"
1,-2.41562159973077,2020-08-01,82,"South America","III","August 01"
1,-2.12854143305708,2020-08-01,83,"South America","III","August 01"
1,-2.16175514480247,2020-08-01,84,"South America","III","August 01"
1,-2.33013624708854,2020-08-01,85,"South America","III","August 01"
1,-2.38516680932148,2020-08-01,86,"South America","III","August 01"
1,-2.47284019013531,2020-08-01,87,"South America","III","August 01"
1,-2.4266465455175,2020-08-01,88,"South America","III","August 01"
1,-2.14580831590579,2020-08-01,89,"South America","III","August 01"
1,-2.3185885693672,2020-08-01,90,"South America","III","August 01"
1,-2.46541294698123,2020-08-01,91,"South America","III","August 01"
1,-2.20697764007514,2020-08-01,92,"South America","III","August 01"
1,-2.23467183336672,2020-08-01,93,"South America","III","August 01"
1,-2.38718825402561,2020-08-01,94,"South America","III","August 01"
1,-2.18773346424332,2020-08-01,95,"South America","III","August 01"
1,-2.2875280675878,2020-08-01,96,"South America","III","August 01"
1,-2.38681432460208,2020-08-01,97,"South America","III","August 01"
1,-2.07512523378981,2020-08-01,98,"South America","III","August 01"
1,-2.19699727721885,2020-08-01,99,"South America","III","August 01"
1,-2.34467338960566,2020-08-01,100,"South America","III","August 01"
1,-2.49764388089843,2020-08-01,101,"South America","III","August 01"
1,-2.25843595494441,2020-08-01,102,"South America","III","August 01"
1,-2.41301787720545,2020-08-01,103,"South America","III","August 01"
1,-2.34983208585652,2020-08-01,104,"South America","III","August 01"
1,-2.43671963208052,2020-08-01,105,"South America","III","August 01"
1,-2.41286163028441,2020-08-01,106,"South America","III","August 01"
1,-2.12751694345898,2020-08-01,107,"South America","III","August 01"
1,-2.50494494364544,2020-08-01,108,"South America","III","August 01"
1,-2.53002926473394,2020-08-01,109,"South America","III","August 01"
1,-2.39363886973426,2020-08-01,110,"South America","III","August 01"
1,-2.16290637184193,2020-08-01,111,"South America","III","August 01"
1,-2.41239607670967,2020-08-01,112,"South America","III","August 01"
1,-2.09392896415811,2020-08-01,113,"South America","III","August 01"
1,-2.07545552392726,2020-08-01,114,"South America","III","August 01"
1,-2.40565573905541,2020-08-01,115,"South America","III","August 01"
1,-2.35762811040715,2020-08-01,116,"South America","III","August 01"
1,-2.23591003767517,2020-08-01,117,"South America","III","August 01"
1,-2.20967787705699,2020-08-01,118,"South America","III","August 01"
1,-2.19714466969106,2020-08-01,119,"South America","III","August 01"
1,-2.62071998997557,2020-08-01,120,"South America","III","August 01"
1,-2.16252667064027,2020-08-01,121,"South America","III","August 01"
1,-2.45819060737804,2020-08-01,122,"South America","III","August 01"
1,-2.25986702869203,2020-08-01,123,"South America","III","August 01"
1,-2.43644980917965,2020-08-01,124,"South America","III","August 01"
1,-2.13952837392175,2020-08-01,125,"South America","III","August 01"
1,-2.10945377132142,2020-08-01,126,"South America","III","August 01"
1,-2.22417951440719,2020-08-01,127,"South America","III","August 01"
1,-2.35053428678068,2020-08-01,128,"South America","III","August 01"
1,-2.50567783004629,2020-08-01,129,"South America","III","August 01"
1,-2.27501888669776,2020-08-01,130,"South America","III","August 01"
1,-2.64156204415745,2020-08-01,131,"South America","III","August 01"
1,-2.29032167818789,2020-08-01,132,"South America","III","August 01"
1,-2.35815676077069,2020-08-01,133,"South America","III","August 01"
1,-2.3958632638743,2020-08-01,134,"South America","III","August 01"
1,-2.46545198228545,2020-08-01,135,"South America","III","August 01"
1,-2.41207417478966,2020-08-01,136,"South America","III","August 01"
1,-2.28326019231105,2020-08-01,137,"South America","III","August 01"
1,-2.26480904707749,2020-08-01,138,"South America","III","August 01"
1,-2.34152070426144,2020-08-01,139,"South America","III","August 01"
1,-2.5844691567675,2020-08-01,140,"South America","III","August 01"
1,-2.27465834121521,2020-08-01,141,"South America","III","August 01"
1,-2.51892081607626,2020-08-01,142,"South America","III","August 01"
1,-2.2986084918025,2020-08-01,143,"South America","III","August 01"
1,-2.29819289200968,2020-08-01,144,"South America","III","August 01"
1,-2.14316019107496,2020-08-01,145,"South America","III","August 01"
1,-2.24401119061065,2020-08-01,146,"South America","III","August 01"
1,-2.3114575514217,2020-08-01,147,"South America","III","August 01"
1,-2.38718825402561,2020-08-01,148,"South America","III","August 01"
1,-2.19388646913537,2020-08-01,149,"South America","III","August 01"
1,-2.28101169591804,2020-08-01,150,"South America","III","August 01"
1,-2.34738605525216,2020-08-01,151,"South America","III","August 01"
1,-2.26098728727577,2020-08-01,152,"South America","III","August 01"
1,-2.54931944024833,2020-08-01,153,"South America","III","August 01"
1,-2.20541522390878,2020-08-01,154,"South America","III","August 01"
1,-2.5374011911963,2020-08-01,155,"South America","III","August 01"
1,-2.48017373346726,2020-08-01,156,"South America","III","August 01"
1,-2.31115138989871,2020-08-01,157,"South America","III","August 01"
1,-2.3435756867712,2020-08-01,158,"South America","III","August 01"
1,-2.46821835975345,2020-08-01,159,"South America","III","August 01"
1,-2.4078022075028,2020-08-01,160,"South America","III","August 01"
1,-2.48770454613422,2020-08-01,161,"South America","III","August 01"
1,-2.32896776205864,2020-08-01,162,"South America","III","August 01"
1,-2.10476137518563,2020-08-01,163,"South America","III","August 01"
1,-2.32537117036791,2020-08-01,164,"South America","III","August 01"
1,-2.23413181497724,2020-08-01,165,"South America","III","August 01"
1,-2.77140604054242,2020-08-01,166,"South America","III","August 01"
1,-2.3228316848675,2020-08-01,167,"South America","III","August 01"
1,-2.03077490748356,2020-08-01,168,"South America","III","August 01"
1,-2.45768324127605,2020-08-01,169,"South America","III","August 01"
1,-2.28969989324139,2020-08-01,170,"South America","III","August 01"
1,-2.30743433957324,2020-08-01,171,"South America","III","August 01"
1,-2.25405706538926,2020-08-01,172,"South America","III","August 01"
1,-2.32623277198625,2020-08-01,173,"South America","III","August 01"
1,-2.40553191519425,2020-08-01,174,"South America","III","August 01"
1,-2.45860673337958,2020-08-01,175,"South America","III","August 01"
1,-2.58872202309038,2020-08-01,176,"South America","III","August 01"
1,-2.30018346081736,2020-08-01,177,"South America","III","August 01"
1,-2.41581393564964,2020-08-01,178,"South America","III","August 01"
1,-2.40887435460077,2020-08-01,179,"South America","III","August 01"
1,-2.41642226387304,2020-08-01,180,"South America","III","August 01"
1,-2.49628419236485,2020-08-01,181,"South America","III","August 01"
1,-2.52645029839944,2020-08-01,182,"South America","III","August 01"
1,-2.46855118253468,2020-08-01,183,"South America","III","August 01"
1,-2.35863964350712,2020-08-01,184,"South America","III","August 01"
1,-2.29062233046109,2020-08-01,185,"South America","III","August 01"
1,-2.45789052270771,2020-08-01,186,"South America","III","August 01"
1,-2.10802425932977,2020-08-01,187,"South America","III","August 01"
1,-2.26706104654118,2020-08-01,188,"South America","III","August 01"
1,-2.46247375773953,2020-08-01,189,"South America","III","August 01"
1,-2.12317255824783,2020-08-01,190,"South America","III","August 01"
1,-2.4602433587701,2020-08-01,191,"South America","III","August 01"
1,-2.33861615669941,2020-08-01,192,"South America","III","August 01"
1,-2.40990198218409,2020-08-01,193,"South America","III","August 01"
1,-2.45733363188171,2020-08-01,194,"South America","III","August 01"
1,-2.057240491359,2020-08-01,195,"South America","III","August 01"
1,-2.2408262674617,2020-08-01,196,"South America","III","August 01"
1,-2.34326714772309,2020-08-01,197,"South America","III","August 01"
1,-2.11522527061094,2020-08-01,198,"South America","III","August 01"
1,-2.61158689719858,2020-08-01,199,"South America","III","August 01"
1,-2.65653467642989,2020-08-01,200,"South America","III","August 01"
1,NA,2020-08-01,NA,"South America","II","August 01"
2,-2.01993561995466,2020-09-01,1,"South America","VIII","September 01"
2,-2.154888146821,2020-09-01,2,"South America","VIII","September 01"
2,-1.94933686563884,2020-09-01,3,"South America","VIII","September 01"
2,-2.26613343600136,2020-09-01,4,"South America","VIII","September 01"
2,-2.38715332413064,2020-09-01,5,"South America","VIII","September 01"
2,-1.90290832365469,2020-09-01,6,"South America","VIII","September 01"
2,-2.15687334111402,2020-09-01,7,"South America","VIII","September 01"
2,-2.33542836579661,2020-09-01,8,"South America","VIII","September 01"
2,-2.3261173865227,2020-09-01,9,"South America","VIII","September 01"
2,-2.13747692978682,2020-09-01,10,"South America","VIII","September 01"
2,-2.38261944126187,2020-09-01,11,"South America","VIII","September 01"
2,-2.21630363361017,2020-09-01,12,"South America","VIII","September 01"
2,-2.21251030896528,2020-09-01,13,"South America","VIII","September 01"
2,-2.23858890558158,2020-09-01,14,"South America","VIII","September 01"
2,-2.14329537885033,2020-09-01,15,"South America","VIII","September 01"
2,-2.15976915653893,2020-09-01,16,"South America","VIII","September 01"
2,-2.14255699508965,2020-09-01,17,"South America","VIII","September 01"
2,-2.14553328258961,2020-09-01,18,"South America","VIII","September 01"
2,-2.27382371285425,2020-09-01,19,"South America","VIII","September 01"
2,-2.43474542531893,2020-09-01,20,"South America","VIII","September 01"
2,-2.33885838624572,2020-09-01,21,"South America","VIII","September 01"
2,-2.32631860693566,2020-09-01,22,"South America","VIII","September 01"
2,-2.31978023761184,2020-09-01,23,"South America","VIII","September 01"
2,-2.36351716543802,2020-09-01,24,"South America","VIII","September 01"
2,-2.13533958968979,2020-09-01,25,"South America","VIII","September 01"
2,-2.13914894893733,2020-09-01,26,"South America","VIII","September 01"
2,-1.98506020754459,2020-09-01,27,"South America","VIII","September 01"
2,-1.80597812555152,2020-09-01,28,"South America","VIII","September 01"
2,-2.18641661251961,2020-09-01,29,"South America","VIII","September 01"
2,-2.23969115721259,2020-09-01,30,"South America","VIII","September 01"
2,-2.2992783401355,2020-09-01,31,"South America","VIII","September 01"
2,-2.01707785996032,2020-09-01,32,"South America","VIII","September 01"
2,-2.39766106759928,2020-09-01,33,"South America","VIII","September 01"
2,-1.92310945651691,2020-09-01,34,"South America","VIII","September 01"
2,-2.1782493627989,2020-09-01,35,"South America","VIII","September 01"
2,-2.09300539101061,2020-09-01,36,"South America","VIII","September 01"
2,-2.11692069656209,2020-09-01,37,"South America","VIII","September 01"
2,-2.31115281324483,2020-09-01,38,"South America","VIII","September 01"
2,-2.34280306467796,2020-09-01,39,"South America","VIII","September 01"
2,-1.99406457824318,2020-09-01,40,"South America","VIII","September 01"
2,-2.14034399948238,2020-09-01,41,"South America","VIII","September 01"
2,-2.05244428522183,2020-09-01,42,"South America","VIII","September 01"
2,-2.30809738854808,2020-09-01,43,"South America","VIII","September 01"
2,-2.07654335488601,2020-09-01,44,"South America","VIII","September 01"
2,-2.26398234597914,2020-09-01,45,"South America","VIII","September 01"
2,-2.05235053601821,2020-09-01,46,"South America","VIII","September 01"
2,-2.14717557110047,2020-09-01,47,"South America","VIII","September 01"
2,-2.44284158406718,2020-09-01,48,"South America","VIII","September 01"
2,-2.18919253767341,2020-09-01,49,"South America","VIII","September 01"
2,-2.34951883309071,2020-09-01,50,"South America","VIII","September 01"
2,-2.24571288175243,2020-09-01,51,"South America","VIII","September 01"
2,-2.30738291574738,2020-09-01,52,"South America","VIII","September 01"
2,-1.86755134061492,2020-09-01,53,"South America","VIII","September 01"
2,-2.0860634086943,2020-09-01,54,"South America","VIII","September 01"
2,-2.25888593105539,2020-09-01,55,"South America","VIII","September 01"
2,-2.3281550405186,2020-09-01,56,"South America","VIII","September 01"
2,-2.21590295535248,2020-09-01,57,"South America","VIII","September 01"
2,-2.12985969602635,2020-09-01,58,"South America","VIII","September 01"
2,-2.31436129081766,2020-09-01,59,"South America","VIII","September 01"
2,-1.83223128767119,2020-09-01,60,"South America","VIII","September 01"
2,-1.98335848950028,2020-09-01,61,"South America","VIII","September 01"
2,-2.06664805261626,2020-09-01,62,"South America","VIII","September 01"
2,-2.32532727917366,2020-09-01,63,"South America","VIII","September 01"
2,-2.25084272241313,2020-09-01,64,"South America","VIII","September 01"
2,-2.42762714499096,2020-09-01,65,"South America","VIII","September 01"
2,-2.25504055514369,2020-09-01,66,"South America","VIII","September 01"
2,-2.25579479238372,2020-09-01,67,"South America","VIII","September 01"
2,-2.23069383493036,2020-09-01,68,"South America","VIII","September 01"
2,-2.23360734013412,2020-09-01,69,"South America","VIII","September 01"
2,-2.32162458182013,2020-09-01,70,"South America","VIII","September 01"
2,-2.07659009648879,2020-09-01,71,"South America","VIII","September 01"
2,-2.00260193942174,2020-09-01,72,"South America","VIII","September 01"
2,-2.24245907130081,2020-09-01,73,"South America","VIII","September 01"
2,-2.12812218428992,2020-09-01,74,"South America","VIII","September 01"
2,-1.94939690356822,2020-09-01,75,"South America","VIII","September 01"
2,-2.10322808605668,2020-09-01,76,"South America","VIII","September 01"
2,-2.5085851103344,2020-09-01,77,"South America","VIII","September 01"
2,-1.95717071132052,2020-09-01,78,"South America","VIII","September 01"
2,-2.19593777775231,2020-09-01,79,"South America","VIII","September 01"
2,-2.3261881453466,2020-09-01,80,"South America","VIII","September 01"
2,-2.47580234627747,2020-09-01,81,"South America","VIII","September 01"
2,-2.30037159805683,2020-09-01,82,"South America","VIII","September 01"
2,-2.26130577007132,2020-09-01,83,"South America","VIII","September 01"
2,-2.07608270967512,2020-09-01,84,"South America","VIII","September 01"
2,-2.03235877777335,2020-09-01,85,"South America","VIII","September 01"
2,-2.02097605401171,2020-09-01,86,"South America","VIII","September 01"
2,-2.12387365966195,2020-09-01,87,"South America","VIII","September 01"
2,-2.00782093086598,2020-09-01,88,"South America","VIII","September 01"
2,-2.09977640005129,2020-09-01,89,"South America","VIII","September 01"
2,-2.12004512894176,2020-09-01,90,"South America","VIII","September 01"
2,-2.16205623579761,2020-09-01,91,"South America","VIII","September 01"
2,-2.25803548148752,2020-09-01,92,"South America","VIII","September 01"
2,-2.15574259476577,2020-09-01,93,"South America","VIII","September 01"
2,-2.08432709346282,2020-09-01,94,"South America","VIII","September 01"
2,-2.44400146789287,2020-09-01,95,"South America","VIII","September 01"
2,-2.25242187960107,2020-09-01,96,"South America","VIII","September 01"
2,-2.12514847166237,2020-09-01,97,"South America","VIII","September 01"
2,-2.49551156517914,2020-09-01,98,"South America","VIII","September 01"
2,-2.23062119258255,2020-09-01,99,"South America","VIII","September 01"
2,-2.22395815213035,2020-09-01,100,"South America","VIII","September 01"
2,-2.04849841132245,2020-09-01,101,"South America","VIII","September 01"
2,-2.24729068269935,2020-09-01,102,"South America","VIII","September 01"
2,-2.0753936072198,2020-09-01,103,"South America","VIII","September 01"
2,-2.20246595096629,2020-09-01,104,"South America","VIII","September 01"
2,-2.16998023502655,2020-09-01,105,"South America","VIII","September 01"
2,-2.25615598987532,2020-09-01,106,"South America","VIII","September 01"
2,-2.05813125282455,2020-09-01,107,"South America","VIII","September 01"
2,-2.22630677505275,2020-09-01,108,"South America","VIII","September 01"
2,-2.13882705590823,2020-09-01,109,"South America","VIII","September 01"
2,-2.34460088948817,2020-09-01,110,"South America","VIII","September 01"
2,-2.16888007703527,2020-09-01,111,"South America","VIII","September 01"
2,-2.15490631300516,2020-09-01,112,"South America","VIII","September 01"
2,-2.10424051861842,2020-09-01,113,"South America","VIII","September 01"
2,-2.33153402146803,2020-09-01,114,"South America","VIII","September 01"
2,-2.31167127297248,2020-09-01,115,"South America","VIII","September 01"
2,-2.10810684327695,2020-09-01,116,"South America","VIII","September 01"
2,-2.07260594036637,2020-09-01,117,"South America","VIII","September 01"
2,-2.12984191431639,2020-09-01,118,"South America","VIII","September 01"
2,-2.15599855813029,2020-09-01,119,"South America","VIII","September 01"
2,-2.4536022843619,2020-09-01,120,"South America","VIII","September 01"
2,-2.29041613269747,2020-09-01,121,"South America","VIII","September 01"
2,-2.33379058741032,2020-09-01,122,"South America","VIII","September 01"
2,-2.27197406857805,2020-09-01,123,"South America","VIII","September 01"
2,-2.17320888549279,2020-09-01,124,"South America","VIII","September 01"
2,-1.9699594731201,2020-09-01,125,"South America","VIII","September 01"
2,-2.3005873598985,2020-09-01,126,"South America","VIII","September 01"
2,-1.84044303583064,2020-09-01,127,"South America","VIII","September 01"
2,-2.29279181906392,2020-09-01,128,"South America","VIII","September 01"
2,-2.0790961458452,2020-09-01,129,"South America","VIII","September 01"
2,-2.16211002751971,2020-09-01,130,"South America","VIII","September 01"
2,-1.88977899194425,2020-09-01,131,"South America","VIII","September 01"
2,-1.93331437695628,2020-09-01,132,"South America","VIII","September 01"
2,-2.12000156116852,2020-09-01,133,"South America","VIII","September 01"
2,-2.17501269695321,2020-09-01,134,"South America","VIII","September 01"
2,-2.19709167316249,2020-09-01,135,"South America","VIII","September 01"
2,-1.85957478472777,2020-09-01,136,"South America","VIII","September 01"
2,-2.11629950669015,2020-09-01,137,"South America","VIII","September 01"
2,-2.06526038961043,2020-09-01,138,"South America","VIII","September 01"
2,-2.31122283270448,2020-09-01,139,"South America","VIII","September 01"
2,-2.19405321563059,2020-09-01,140,"South America","VIII","September 01"
2,-2.0139894142979,2020-09-01,141,"South America","VIII","September 01"
2,-2.31635612154374,2020-09-01,142,"South America","VIII","September 01"
2,-2.06733567049428,2020-09-01,143,"South America","VIII","September 01"
2,-2.32275139291954,2020-09-01,144,"South America","VIII","September 01"
2,-2.37967330521455,2020-09-01,145,"South America","VIII","September 01"
2,-2.35064990787502,2020-09-01,146,"South America","VIII","September 01"
2,-2.10147330281349,2020-09-01,147,"South America","VIII","September 01"
2,-2.2713269323816,2020-09-01,148,"South America","VIII","September 01"
2,-2.43190732064374,2020-09-01,149,"South America","VIII","September 01"
2,-2.27663843059695,2020-09-01,150,"South America","VIII","September 01"
2,-2.27997390552967,2020-09-01,151,"South America","VIII","September 01"
2,-2.03127203106968,2020-09-01,152,"South America","VIII","September 01"
2,-2.10091754360102,2020-09-01,153,"South America","VIII","September 01"
2,-1.96379642265338,2020-09-01,154,"South America","VIII","September 01"
2,-2.05345804946746,2020-09-01,155,"South America","VIII","September 01"
2,-2.21645351012589,2020-09-01,156,"South America","VIII","September 01"
2,-2.15320391848779,2020-09-01,157,"South America","VIII","September 01"
2,-2.44685706591542,2020-09-01,158,"South America","VIII","September 01"
2,-2.22580058931378,2020-09-01,159,"South America","VIII","September 01"
2,-2.22272084260031,2020-09-01,160,"South America","VIII","September 01"
2,-2.04113553218545,2020-09-01,161,"South America","VIII","September 01"
2,-1.95565843118901,2020-09-01,162,"South America","VIII","September 01"
2,-2.07888034980265,2020-09-01,163,"South America","VIII","September 01"
2,-2.01152798507557,2020-09-01,164,"South America","VIII","September 01"
2,-2.28682097808392,2020-09-01,165,"South America","VIII","September 01"
2,-2.26510102332982,2020-09-01,166,"South America","VIII","September 01"
2,-1.94563998699575,2020-09-01,167,"South America","VIII","September 01"
2,-2.03320035158531,2020-09-01,168,"South America","VIII","September 01"
2,-2.40892961116336,2020-09-01,169,"South America","VIII","September 01"
2,-2.1468163962328,2020-09-01,170,"South America","VIII","September 01"
2,-2.28970669575912,2020-09-01,171,"South America","VIII","September 01"
2,-2.15634248939887,2020-09-01,172,"South America","VIII","September 01"
2,-2.11640556768798,2020-09-01,173,"South America","VIII","September 01"
2,-2.38141142381079,2020-09-01,174,"South America","VIII","September 01"
2,-2.27152205491811,2020-09-01,175,"South America","VIII","September 01"
2,-2.04892405710246,2020-09-01,176,"South America","VIII","September 01"
2,-1.86210608995249,2020-09-01,177,"South America","VIII","September 01"
2,-1.85860475306682,2020-09-01,178,"South America","VIII","September 01"
2,-2.11725637927471,2020-09-01,179,"South America","VIII","September 01"
2,-2.20267981686582,2020-09-01,180,"South America","VIII","September 01"
2,-2.09703182256742,2020-09-01,181,"South America","VIII","September 01"
2,-2.26574190584212,2020-09-01,182,"South America","VIII","September 01"
2,-2.31536646316446,2020-09-01,183,"South America","VIII","September 01"
2,-2.18647641115773,2020-09-01,184,"South America","VIII","September 01"
2,-2.23685541294229,2020-09-01,185,"South America","VIII","September 01"
2,-2.28704630961499,2020-09-01,186,"South America","VIII","September 01"
2,-2.29839213207449,2020-09-01,187,"South America","VIII","September 01"
2,-1.89708956564132,2020-09-01,188,"South America","VIII","September 01"
2,-2.03836933330069,2020-09-01,189,"South America","VIII","September 01"
2,-2.09988347379722,2020-09-01,190,"South America","VIII","September 01"
2,-2.19380428764692,2020-09-01,191,"South America","VIII","September 01"
2,-2.42526975894045,2020-09-01,192,"South America","VIII","September 01"
2,-2.1770379688019,2020-09-01,193,"South America","VIII","September 01"
2,-2.29691168652186,2020-09-01,194,"South America","VIII","September 01"
2,-2.12118736504867,2020-09-01,195,"South America","VIII","September 01"
2,-1.95377523120731,2020-09-01,196,"South America","VIII","September 01"
2,-2.15603642311095,2020-09-01,197,"South America","VIII","September 01"
2,-2.20977797002045,2020-09-01,198,"South America","VIII","September 01"
2,-2.26122759290115,2020-09-01,199,"South America","VIII","September 01"
2,-2.14623806357584,2020-09-01,200,"South America","VIII","September 01"
2,NA,2020-09-01,NA,"South America","III","September 01"
2,NA,2020-09-01,NA,"South America","II","September 01"
3,-2.18965392457828,2020-10-01,1,"South America","VIII","October 01"
3,-2.16581787011729,2020-10-01,2,"South America","VIII","October 01"
3,-2.08559462240005,2020-10-01,3,"South America","VIII","October 01"
3,-2.03440105853871,2020-10-01,4,"South America","VIII","October 01"
3,-2.03981623262327,2020-10-01,5,"South America","VIII","October 01"
3,-2.10039194780227,2020-10-01,6,"South America","VIII","October 01"
3,-2.09827719045314,2020-10-01,7,"South America","VIII","October 01"
3,-2.06226466228319,2020-10-01,8,"South America","VIII","October 01"
3,-2.19663321136021,2020-10-01,9,"South America","VIII","October 01"
3,-2.21779143708313,2020-10-01,10,"South America","VIII","October 01"
3,-2.19297553498759,2020-10-01,11,"South America","VIII","October 01"
3,-2.19116954465292,2020-10-01,12,"South America","VIII","October 01"
3,-1.9783205530728,2020-10-01,13,"South America","VIII","October 01"
3,-2.16714634532464,2020-10-01,14,"South America","VIII","October 01"
3,-2.04435305998347,2020-10-01,15,"South America","VIII","October 01"
3,-1.97709371213297,2020-10-01,16,"South America","VIII","October 01"
3,-2.2312872427714,2020-10-01,17,"South America","VIII","October 01"
3,-2.20144800187093,2020-10-01,18,"South America","VIII","October 01"
3,-2.20779283427119,2020-10-01,19,"South America","VIII","October 01"
3,-2.03636915759191,2020-10-01,20,"South America","VIII","October 01"
3,-2.17921760457648,2020-10-01,21,"South America","VIII","October 01"
3,-2.09473210304057,2020-10-01,22,"South America","VIII","October 01"
3,-2.34124979743606,2020-10-01,23,"South America","VIII","October 01"
3,-1.72572581642231,2020-10-01,24,"South America","VIII","October 01"
3,-2.35725475169811,2020-10-01,25,"South America","VIII","October 01"
3,-2.08576997738878,2020-10-01,26,"South America","VIII","October 01"
3,-2.29749846167988,2020-10-01,27,"South America","VIII","October 01"
3,-1.79478216985682,2020-10-01,28,"South America","VIII","October 01"
3,-2.24381771710607,2020-10-01,29,"South America","VIII","October 01"
3,-2.23265859310054,2020-10-01,30,"South America","VIII","October 01"
3,-2.28915881468263,2020-10-01,31,"South America","VIII","October 01"
3,-2.13831802818895,2020-10-01,32,"South America","VIII","October 01"
3,-2.08835464854738,2020-10-01,33,"South America","VIII","October 01"
3,-2.28473702440861,2020-10-01,34,"South America","VIII","October 01"
3,-2.09908343420862,2020-10-01,35,"South America","VIII","October 01"
3,-2.38264824190063,2020-10-01,36,"South America","VIII","October 01"
3,-2.11279086731123,2020-10-01,37,"South America","VIII","October 01"
3,-2.10951291913901,2020-10-01,38,"South America","VIII","October 01"
3,-1.8871391173915,2020-10-01,39,"South America","VIII","October 01"
3,-2.324079607957,2020-10-01,40,"South America","VIII","October 01"
3,-2.07312554502836,2020-10-01,41,"South America","VIII","October 01"
3,-2.23393619540383,2020-10-01,42,"South America","VIII","October 01"
3,-2.16069130726369,2020-10-01,43,"South America","VIII","October 01"
3,-2.15331108920064,2020-10-01,44,"South America","VIII","October 01"
3,-2.44815578677828,2020-10-01,45,"South America","VIII","October 01"
3,-2.21836816366827,2020-10-01,46,"South America","VIII","October 01"
3,-2.18069939458569,2020-10-01,47,"South America","VIII","October 01"
3,-2.20693028488023,2020-10-01,48,"South America","VIII","October 01"
3,-2.17571812276937,2020-10-01,49,"South America","VIII","October 01"
3,-1.93247959281092,2020-10-01,50,"South America","VIII","October 01"
3,-2.23756329211474,2020-10-01,51,"South America","VIII","October 01"
3,-2.2592796593621,2020-10-01,52,"South America","VIII","October 01"
3,-2.21635857418005,2020-10-01,53,"South America","VIII","October 01"
3,-1.93750600232693,2020-10-01,54,"South America","VIII","October 01"
3,-2.24160933049593,2020-10-01,55,"South America","VIII","October 01"
3,-2.29532982045017,2020-10-01,56,"South America","VIII","October 01"
3,-2.06816552674861,2020-10-01,57,"South America","VIII","October 01"
3,-1.94712319234823,2020-10-01,58,"South America","VIII","October 01"
3,-2.22569429624971,2020-10-01,59,"South America","VIII","October 01"
3,-2.21428719164227,2020-10-01,60,"South America","VIII","October 01"
3,-2.24333738533494,2020-10-01,61,"South America","VIII","October 01"
3,-2.19430216749737,2020-10-01,62,"South America","VIII","October 01"
3,-2.3959105583258,2020-10-01,63,"South America","VIII","October 01"
3,-2.36855388158776,2020-10-01,64,"South America","VIII","October 01"
3,-2.16021969790234,2020-10-01,65,"South America","VIII","October 01"
3,-2.27930106992748,2020-10-01,66,"South America","VIII","October 01"
3,-2.25279505450505,2020-10-01,67,"South America","VIII","October 01"
3,-1.98268213860595,2020-10-01,68,"South America","VIII","October 01"
3,-2.13485136832822,2020-10-01,69,"South America","VIII","October 01"
3,-2.19430216749737,2020-10-01,70,"South America","VIII","October 01"
3,-2.32748208586475,2020-10-01,71,"South America","VIII","October 01"
3,-2.35089070249555,2020-10-01,72,"South America","VIII","October 01"
3,-2.2463470197168,2020-10-01,73,"South America","VIII","October 01"
3,-2.130970846257,2020-10-01,74,"South America","VIII","October 01"
3,-2.43294679337947,2020-10-01,75,"South America","VIII","October 01"
3,-2.18324900557687,2020-10-01,76,"South America","VIII","October 01"
3,-2.106186758515,2020-10-01,77,"South America","VIII","October 01"
3,-2.23353212537315,2020-10-01,78,"South America","VIII","October 01"
3,-2.15232779107506,2020-10-01,79,"South America","VIII","October 01"
3,-2.15768873386131,2020-10-01,80,"South America","VIII","October 01"
3,-2.13933567991496,2020-10-01,81,"South America","VIII","October 01"
3,-2.24418653050687,2020-10-01,82,"South America","VIII","October 01"
3,-1.86789431860268,2020-10-01,83,"South America","VIII","October 01"
3,-2.11237736276972,2020-10-01,84,"South America","VIII","October 01"
3,-2.10117662354779,2020-10-01,85,"South America","VIII","October 01"
3,-2.24350260438588,2020-10-01,86,"South America","VIII","October 01"
3,-2.1637758855353,2020-10-01,87,"South America","VIII","October 01"
3,-2.03545897206829,2020-10-01,88,"South America","VIII","October 01"
3,-2.05433670815752,2020-10-01,89,"South America","VIII","October 01"
3,-2.18507656885762,2020-10-01,90,"South America","VIII","October 01"
3,-2.12805776026331,2020-10-01,91,"South America","VIII","October 01"
3,-2.23027230673875,2020-10-01,92,"South America","VIII","October 01"
3,-2.10578152349335,2020-10-01,93,"South America","VIII","October 01"
3,-2.25269876925603,2020-10-01,94,"South America","VIII","October 01"
3,-2.44343020257963,2020-10-01,95,"South America","VIII","October 01"
3,-1.9819202504166,2020-10-01,96,"South America","VIII","October 01"
3,-2.04514589372859,2020-10-01,97,"South America","VIII","October 01"
3,-2.19890615154276,2020-10-01,98,"South America","VIII","October 01"
3,-2.16697294890789,2020-10-01,99,"South America","VIII","October 01"
3,-2.37325911103956,2020-10-01,100,"South America","VIII","October 01"
3,-2.16208946076922,2020-10-01,101,"South America","VIII","October 01"
3,-2.33584500865367,2020-10-01,102,"South America","VIII","October 01"
3,-2.13008384426611,2020-10-01,103,"South America","VIII","October 01"
3,-2.25690180191118,2020-10-01,104,"South America","VIII","October 01"
3,-2.10687968055191,2020-10-01,105,"South America","VIII","October 01"
3,-2.29990840261101,2020-10-01,106,"South America","VIII","October 01"
3,-2.09327669606653,2020-10-01,107,"South America","VIII","October 01"
3,-1.9910753964776,2020-10-01,108,"South America","VIII","October 01"
3,-1.87604576175831,2020-10-01,109,"South America","VIII","October 01"
3,-2.28241241353615,2020-10-01,110,"South America","VIII","October 01"
3,-2.15447600767556,2020-10-01,111,"South America","VIII","October 01"
3,-2.17885577841452,2020-10-01,112,"South America","VIII","October 01"
3,-2.11331277944653,2020-10-01,113,"South America","VIII","October 01"
3,-2.16200909681496,2020-10-01,114,"South America","VIII","October 01"
3,-2.17346130841968,2020-10-01,115,"South America","VIII","October 01"
3,-2.03775068339817,2020-10-01,116,"South America","VIII","October 01"
3,-2.28336966598051,2020-10-01,117,"South America","VIII","October 01"
3,-2.2841140806194,2020-10-01,118,"South America","VIII","October 01"
3,-2.18057216258982,2020-10-01,119,"South America","VIII","October 01"
3,-2.18440776660993,2020-10-01,120,"South America","VIII","October 01"
3,-2.10725804761872,2020-10-01,121,"South America","VIII","October 01"
3,-1.95823128440883,2020-10-01,122,"South America","VIII","October 01"
3,-2.03495252285796,2020-10-01,123,"South America","VIII","October 01"
3,-2.29711536502674,2020-10-01,124,"South America","VIII","October 01"
3,-2.12502577101955,2020-10-01,125,"South America","VIII","October 01"
3,-2.35768084271646,2020-10-01,126,"South America","VIII","October 01"
3,-2.21859648176779,2020-10-01,127,"South America","VIII","October 01"
3,-2.15925018347958,2020-10-01,128,"South America","VIII","October 01"
3,-2.31637213206323,2020-10-01,129,"South America","VIII","October 01"
3,-2.15737250581994,2020-10-01,130,"South America","VIII","October 01"
3,-2.15820719358896,2020-10-01,131,"South America","VIII","October 01"
3,-2.2705275230788,2020-10-01,132,"South America","VIII","October 01"
3,-2.26814168357132,2020-10-01,133,"South America","VIII","October 01"
3,-2.09163981221272,2020-10-01,134,"South America","VIII","October 01"
3,-2.04514327743388,2020-10-01,135,"South America","VIII","October 01"
3,-2.25034865372858,2020-10-01,136,"South America","VIII","October 01"
3,-2.19009846449321,2020-10-01,137,"South America","VIII","October 01"
3,-2.05346789779645,2020-10-01,138,"South America","VIII","October 01"
3,-2.10619673037672,2020-10-01,139,"South America","VIII","October 01"
3,-2.31434719066565,2020-10-01,140,"South America","VIII","October 01"
3,-1.9865970237378,2020-10-01,141,"South America","VIII","October 01"
3,-2.34290780704938,2020-10-01,142,"South America","VIII","October 01"
3,-2.06062916605924,2020-10-01,143,"South America","VIII","October 01"
3,-2.36401853223134,2020-10-01,144,"South America","VIII","October 01"
3,-2.33142379933498,2020-10-01,145,"South America","VIII","October 01"
3,-2.20483842930656,2020-10-01,146,"South America","VIII","October 01"
3,-2.27248614711042,2020-10-01,147,"South America","VIII","October 01"
3,-2.08745389955959,2020-10-01,148,"South America","VIII","October 01"
3,-2.10821298410361,2020-10-01,149,"South America","VIII","October 01"
3,-2.47297325354943,2020-10-01,150,"South America","VIII","October 01"
3,-2.24826511525468,2020-10-01,151,"South America","VIII","October 01"
3,-2.25735211859444,2020-10-01,152,"South America","VIII","October 01"
3,-2.20488171700206,2020-10-01,153,"South America","VIII","October 01"
3,-2.11696624230055,2020-10-01,154,"South America","VIII","October 01"
3,-2.1717679514363,2020-10-01,155,"South America","VIII","October 01"
3,-2.01011748006076,2020-10-01,156,"South America","VIII","October 01"
3,-1.93477292369514,2020-10-01,157,"South America","VIII","October 01"
3,-2.44930848446485,2020-10-01,158,"South America","VIII","October 01"
3,-2.30105232092907,2020-10-01,159,"South America","VIII","October 01"
3,-2.1592736569191,2020-10-01,160,"South America","VIII","October 01"
3,-2.00211809559144,2020-10-01,161,"South America","VIII","October 01"
3,-2.3296298867547,2020-10-01,162,"South America","VIII","October 01"
3,-2.25456305659484,2020-10-01,163,"South America","VIII","October 01"
3,-2.26965109173834,2020-10-01,164,"South America","VIII","October 01"
3,-1.86164822937487,2020-10-01,165,"South America","VIII","October 01"
3,-2.18765182389416,2020-10-01,166,"South America","VIII","October 01"
3,-2.20776247528314,2020-10-01,167,"South America","VIII","October 01"
3,-2.2634733772683,2020-10-01,168,"South America","VIII","October 01"
3,-2.04673835214485,2020-10-01,169,"South America","VIII","October 01"
3,-2.22009430665036,2020-10-01,170,"South America","VIII","October 01"
3,-2.11331277944653,2020-10-01,171,"South America","VIII","October 01"
3,-2.24324320995342,2020-10-01,172,"South America","VIII","October 01"
3,-2.23383581915402,2020-10-01,173,"South America","VIII","October 01"
3,-2.15049126252655,2020-10-01,174,"South America","VIII","October 01"
3,-2.20443479359318,2020-10-01,175,"South America","VIII","October 01"
3,-2.231923363312,2020-10-01,176,"South America","VIII","October 01"
3,-2.18070480204675,2020-10-01,177,"South America","VIII","October 01"
3,-2.07710459463686,2020-10-01,178,"South America","VIII","October 01"
3,-2.11575651974019,2020-10-01,179,"South America","VIII","October 01"
3,-2.10043231015077,2020-10-01,180,"South America","VIII","October 01"
3,-2.22748643688759,2020-10-01,181,"South America","VIII","October 01"
3,-2.27017282770676,2020-10-01,182,"South America","VIII","October 01"
3,-2.17715836307981,2020-10-01,183,"South America","VIII","October 01"
3,-2.27469104256402,2020-10-01,184,"South America","VIII","October 01"
3,-2.11839852081241,2020-10-01,185,"South America","VIII","October 01"
3,-2.22009956833812,2020-10-01,186,"South America","VIII","October 01"
3,-2.42214601279747,2020-10-01,187,"South America","VIII","October 01"
3,-2.31922980517377,2020-10-01,188,"South America","VIII","October 01"
3,-1.9904739337776,2020-10-01,189,"South America","VIII","October 01"
3,-1.98563807788911,2020-10-01,190,"South America","VIII","October 01"
3,-2.36958900936897,2020-10-01,191,"South America","VIII","October 01"
3,-2.16314813748835,2020-10-01,192,"South America","VIII","October 01"
3,-1.90493831066398,2020-10-01,193,"South America","VIII","October 01"
3,-2.22045097987346,2020-10-01,194,"South America","VIII","October 01"
3,-2.0428848851988,2020-10-01,195,"South America","VIII","October 01"
3,-2.21434535398658,2020-10-01,196,"South America","VIII","October 01"
3,-2.10447606981796,2020-10-01,197,"South America","VIII","October 01"
3,-2.03724408863203,2020-10-01,198,"South America","VIII","October 01"
3,-2.21065024552521,2020-10-01,199,"South America","VIII","October 01"
3,-2.33904451045685,2020-10-01,200,"South America","VIII","October 01"
3,NA,2020-10-01,NA,"South America","III","October 01"
3,NA,2020-10-01,NA,"South America","II","October 01"
4,-2.16476655752686,2020-11-01,1,"South America","VIII","November 01"
4,-1.92308738032689,2020-11-01,2,"South America","VIII","November 01"
4,-2.08241975476771,2020-11-01,3,"South America","VIII","November 01"
4,-2.10863541959635,2020-11-01,4,"South America","VIII","November 01"
4,-2.00667595684099,2020-11-01,5,"South America","VIII","November 01"
4,-2.09451907540631,2020-11-01,6,"South America","VIII","November 01"
4,-2.11860840066857,2020-11-01,7,"South America","VIII","November 01"
4,-2.11401800169982,2020-11-01,8,"South America","VIII","November 01"
4,-2.26876607786491,2020-11-01,9,"South America","VIII","November 01"
4,-2.10498648725466,2020-11-01,10,"South America","VIII","November 01"
4,-1.75275742389336,2020-11-01,11,"South America","VIII","November 01"
4,-2.09588173198158,2020-11-01,12,"South America","VIII","November 01"
4,-1.81503365651655,2020-11-01,13,"South America","VIII","November 01"
4,-2.11191373130868,2020-11-01,14,"South America","VIII","November 01"
4,-2.05783304187299,2020-11-01,15,"South America","VIII","November 01"
4,-2.06540290234014,2020-11-01,16,"South America","VIII","November 01"
4,-2.00265227623919,2020-11-01,17,"South America","VIII","November 01"
4,-1.98555931041279,2020-11-01,18,"South America","VIII","November 01"
4,-2.02378829847004,2020-11-01,19,"South America","VIII","November 01"
4,-2.06188595251841,2020-11-01,20,"South America","VIII","November 01"
4,-2.12593852413656,2020-11-01,21,"South America","VIII","November 01"
4,-2.13913035223216,2020-11-01,22,"South America","VIII","November 01"
4,-1.94093425016618,2020-11-01,23,"South America","VIII","November 01"
4,-2.09099349196239,2020-11-01,24,"South America","VIII","November 01"
4,-2.00127116279296,2020-11-01,25,"South America","VIII","November 01"
4,-1.64614659008348,2020-11-01,26,"South America","VIII","November 01"
4,-2.14598507328752,2020-11-01,27,"South America","VIII","November 01"
4,-1.98150538205963,2020-11-01,28,"South America","VIII","November 01"
4,-1.80094746339693,2020-11-01,29,"South America","VIII","November 01"
4,-1.91310354723091,2020-11-01,30,"South America","VIII","November 01"
4,-2.03012689115418,2020-11-01,31,"South America","VIII","November 01"
4,-2.10974877297949,2020-11-01,32,"South America","VIII","November 01"
4,-2.03969062618662,2020-11-01,33,"South America","VIII","November 01"
4,-2.02262706895354,2020-11-01,34,"South America","VIII","November 01"
4,-1.99090639413936,2020-11-01,35,"South America","VIII","November 01"
4,-2.08224185850818,2020-11-01,36,"South America","VIII","November 01"
4,-1.97882057471544,2020-11-01,37,"South America","VIII","November 01"
4,-1.95922814824961,2020-11-01,38,"South America","VIII","November 01"
4,-2.07933564709357,2020-11-01,39,"South America","VIII","November 01"
4,-2.12088806456602,2020-11-01,40,"South America","VIII","November 01"
4,-1.97342944197737,2020-11-01,41,"South America","VIII","November 01"
4,-2.04107536515983,2020-11-01,42,"South America","VIII","November 01"
4,-2.143574084836,2020-11-01,43,"South America","VIII","November 01"
4,-2.22978601461669,2020-11-01,44,"South America","VIII","November 01"
4,-1.88631874243243,2020-11-01,45,"South America","VIII","November 01"
4,-2.10476516704256,2020-11-01,46,"South America","VIII","November 01"
4,-1.83349846552507,2020-11-01,47,"South America","VIII","November 01"
4,-2.0906344058133,2020-11-01,48,"South America","VIII","November 01"
4,-1.6855758604484,2020-11-01,49,"South America","VIII","November 01"
4,-1.8641545177279,2020-11-01,50,"South America","VIII","November 01"
4,-1.93231240293408,2020-11-01,51,"South America","VIII","November 01"
4,-1.96432595700854,2020-11-01,52,"South America","VIII","November 01"
4,-2.00816507612567,2020-11-01,53,"South America","VIII","November 01"
4,-2.00884134079795,2020-11-01,54,"South America","VIII","November 01"
4,-1.75822091048872,2020-11-01,55,"South America","VIII","November 01"
4,-1.85629687552494,2020-11-01,56,"South America","VIII","November 01"
4,-2.02599996303897,2020-11-01,57,"South America","VIII","November 01"
4,-2.18253618798689,2020-11-01,58,"South America","VIII","November 01"
4,-2.10800948181961,2020-11-01,59,"South America","VIII","November 01"
4,-2.13093610300318,2020-11-01,60,"South America","VIII","November 01"
4,-1.80316021560427,2020-11-01,61,"South America","VIII","November 01"
4,-1.89193758791212,2020-11-01,62,"South America","VIII","November 01"
4,-1.98264459887702,2020-11-01,63,"South America","VIII","November 01"
4,-1.97306760929985,2020-11-01,64,"South America","VIII","November 01"
4,-1.80972016098537,2020-11-01,65,"South America","VIII","November 01"
4,-1.95816969708347,2020-11-01,66,"South America","VIII","November 01"
4,-1.57772788771845,2020-11-01,67,"South America","VIII","November 01"
4,-2.15297810172941,2020-11-01,68,"South America","VIII","November 01"
4,-2.14671086825328,2020-11-01,69,"South America","VIII","November 01"
4,-1.86249260236178,2020-11-01,70,"South America","VIII","November 01"
4,-2.00318931889802,2020-11-01,71,"South America","VIII","November 01"
4,-1.66587432673333,2020-11-01,72,"South America","VIII","November 01"
4,-2.07290131679836,2020-11-01,73,"South America","VIII","November 01"
4,-2.09794083781732,2020-11-01,74,"South America","VIII","November 01"
4,-1.7695881233411,2020-11-01,75,"South America","VIII","November 01"
4,-1.55553445924578,2020-11-01,76,"South America","VIII","November 01"
4,-1.91695802845202,2020-11-01,77,"South America","VIII","November 01"
4,-1.93337743292746,2020-11-01,78,"South America","VIII","November 01"
4,-1.70383571247458,2020-11-01,79,"South America","VIII","November 01"
4,-2.09934809852313,2020-11-01,80,"South America","VIII","November 01"
4,-2.1062686248397,2020-11-01,81,"South America","VIII","November 01"
4,-1.91241309956016,2020-11-01,82,"South America","VIII","November 01"
4,-1.99077334007383,2020-11-01,83,"South America","VIII","November 01"
4,-1.94511312107003,2020-11-01,84,"South America","VIII","November 01"
4,-2.19466220145067,2020-11-01,85,"South America","VIII","November 01"
4,-1.86087347985915,2020-11-01,86,"South America","VIII","November 01"
4,-2.02024365584769,2020-11-01,87,"South America","VIII","November 01"
4,-1.91614422868505,2020-11-01,88,"South America","VIII","November 01"
4,-2.0213297763875,2020-11-01,89,"South America","VIII","November 01"
4,-1.61811425041473,2020-11-01,90,"South America","VIII","November 01"
4,-2.04798499651698,2020-11-01,91,"South America","VIII","November 01"
4,-2.09187492572767,2020-11-01,92,"South America","VIII","November 01"
4,-2.12508625705638,2020-11-01,93,"South America","VIII","November 01"
4,-1.81736713433701,2020-11-01,94,"South America","VIII","November 01"
4,-2.0238219232429,2020-11-01,95,"South America","VIII","November 01"
4,-2.05310497263481,2020-11-01,96,"South America","VIII","November 01"
4,-2.22798371268141,2020-11-01,97,"South America","VIII","November 01"
4,-1.9714425908804,2020-11-01,98,"South America","VIII","November 01"
4,-1.80098055041069,2020-11-01,99,"South America","VIII","November 01"
4,-2.04963949893981,2020-11-01,100,"South America","VIII","November 01"
4,-2.04888534521322,2020-11-01,101,"South America","VIII","November 01"
4,-1.98625740345319,2020-11-01,102,"South America","VIII","November 01"
4,-1.88008229841471,2020-11-01,103,"South America","VIII","November 01"
4,-2.09962124436485,2020-11-01,104,"South America","VIII","November 01"
4,-1.88906370438517,2020-11-01,105,"South America","VIII","November 01"
4,-1.8719862511759,2020-11-01,106,"South America","VIII","November 01"
4,-2.06833703009531,2020-11-01,107,"South America","VIII","November 01"
4,-1.91033694699521,2020-11-01,108,"South America","VIII","November 01"
4,-1.77759483194451,2020-11-01,109,"South America","VIII","November 01"
4,-1.539661884634,2020-11-01,110,"South America","VIII","November 01"
4,-1.95860019844486,2020-11-01,111,"South America","VIII","November 01"
4,-2.02672243161484,2020-11-01,112,"South America","VIII","November 01"
4,-2.0109214760689,2020-11-01,113,"South America","VIII","November 01"
4,-1.94561558450995,2020-11-01,114,"South America","VIII","November 01"
4,-2.05842407363413,2020-11-01,115,"South America","VIII","November 01"
4,-1.87262209176677,2020-11-01,116,"South America","VIII","November 01"
4,-1.94394945175948,2020-11-01,117,"South America","VIII","November 01"
4,-2.09652651917817,2020-11-01,118,"South America","VIII","November 01"
4,-1.80406891133086,2020-11-01,119,"South America","VIII","November 01"
4,-2.03028087470696,2020-11-01,120,"South America","VIII","November 01"
4,-2.22531133835042,2020-11-01,121,"South America","VIII","November 01"
4,-1.79351111272956,2020-11-01,122,"South America","VIII","November 01"
4,-2.00448532974101,2020-11-01,123,"South America","VIII","November 01"
4,-2.06765622754799,2020-11-01,124,"South America","VIII","November 01"
4,-2.13248613160554,2020-11-01,125,"South America","VIII","November 01"
4,-1.97117024274015,2020-11-01,126,"South America","VIII","November 01"
4,-2.1871444983231,2020-11-01,127,"South America","VIII","November 01"
4,-1.99797019754501,2020-11-01,128,"South America","VIII","November 01"
4,-2.06234187249718,2020-11-01,129,"South America","VIII","November 01"
4,-1.85359553097019,2020-11-01,130,"South America","VIII","November 01"
4,-2.04043867497147,2020-11-01,131,"South America","VIII","November 01"
4,-2.04738011972666,2020-11-01,132,"South America","VIII","November 01"
4,-1.96059024756562,2020-11-01,133,"South America","VIII","November 01"
4,-1.78662003162896,2020-11-01,134,"South America","VIII","November 01"
4,-2.03598792883308,2020-11-01,135,"South America","VIII","November 01"
4,-1.92324049007918,2020-11-01,136,"South America","VIII","November 01"
4,-2.06744450657045,2020-11-01,137,"South America","VIII","November 01"
4,-2.06408655036508,2020-11-01,138,"South America","VIII","November 01"
4,-1.89304315498114,2020-11-01,139,"South America","VIII","November 01"
4,-1.62741910364831,2020-11-01,140,"South America","VIII","November 01"
4,-1.80107891882,2020-11-01,141,"South America","VIII","November 01"
4,-1.94862557538341,2020-11-01,142,"South America","VIII","November 01"
4,-1.9926317035027,2020-11-01,143,"South America","VIII","November 01"
4,-2.07030509744031,2020-11-01,144,"South America","VIII","November 01"
4,-2.03587318839335,2020-11-01,145,"South America","VIII","November 01"
4,-1.93537873684584,2020-11-01,146,"South America","VIII","November 01"
4,-1.98322202629999,2020-11-01,147,"South America","VIII","November 01"
4,-1.79147413031824,2020-11-01,148,"South America","VIII","November 01"
4,-1.92438185642015,2020-11-01,149,"South America","VIII","November 01"
4,-1.87773373541764,2020-11-01,150,"South America","VIII","November 01"
4,-1.93979150088643,2020-11-01,151,"South America","VIII","November 01"
4,-2.09372796932675,2020-11-01,152,"South America","VIII","November 01"
4,-2.10522038251195,2020-11-01,153,"South America","VIII","November 01"
4,-2.1293583279941,2020-11-01,154,"South America","VIII","November 01"
4,-2.08960632721905,2020-11-01,155,"South America","VIII","November 01"
4,-2.09288126790544,2020-11-01,156,"South America","VIII","November 01"
4,-2.07618864295719,2020-11-01,157,"South America","VIII","November 01"
4,-1.96405389597102,2020-11-01,158,"South America","VIII","November 01"
4,-2.09568570264119,2020-11-01,159,"South America","VIII","November 01"
4,-1.86853294701043,2020-11-01,160,"South America","VIII","November 01"
4,-2.15665181440602,2020-11-01,161,"South America","VIII","November 01"
4,-1.81392433675612,2020-11-01,162,"South America","VIII","November 01"
4,-2.1489949024292,2020-11-01,163,"South America","VIII","November 01"
4,-2.17353470397663,2020-11-01,164,"South America","VIII","November 01"
4,-1.81564360867134,2020-11-01,165,"South America","VIII","November 01"
4,-2.03343158184584,2020-11-01,166,"South America","VIII","November 01"
4,-2.12469543786539,2020-11-01,167,"South America","VIII","November 01"
4,-1.96918494625491,2020-11-01,168,"South America","VIII","November 01"
4,-2.08570867752701,2020-11-01,169,"South America","VIII","November 01"
4,-1.98670450411203,2020-11-01,170,"South America","VIII","November 01"
4,-1.93012161995587,2020-11-01,171,"South America","VIII","November 01"
4,-1.92436318275131,2020-11-01,172,"South America","VIII","November 01"
4,-1.79334561074228,2020-11-01,173,"South America","VIII","November 01"
4,-1.82434464425407,2020-11-01,174,"South America","VIII","November 01"
4,-2.17316963056542,2020-11-01,175,"South America","VIII","November 01"
4,-1.92177102579106,2020-11-01,176,"South America","VIII","November 01"
4,-1.99680370788465,2020-11-01,177,"South America","VIII","November 01"
4,-1.9434583561132,2020-11-01,178,"South America","VIII","November 01"
4,-1.84311886563295,2020-11-01,179,"South America","VIII","November 01"
4,-1.90767163312838,2020-11-01,180,"South America","VIII","November 01"
4,-1.97448836781213,2020-11-01,181,"South America","VIII","November 01"
4,-1.94531915741986,2020-11-01,182,"South America","VIII","November 01"
4,-2.01675993565329,2020-11-01,183,"South America","VIII","November 01"
4,-2.12510138563393,2020-11-01,184,"South America","VIII","November 01"
4,-1.9171234202331,2020-11-01,185,"South America","VIII","November 01"
4,-1.96404218533769,2020-11-01,186,"South America","VIII","November 01"
4,-2.07363837197852,2020-11-01,187,"South America","VIII","November 01"
4,-2.08406517970703,2020-11-01,188,"South America","VIII","November 01"
4,-2.0409742473978,2020-11-01,189,"South America","VIII","November 01"
4,-1.45805023691898,2020-11-01,190,"South America","VIII","November 01"
4,-1.91193882295663,2020-11-01,191,"South America","VIII","November 01"
4,-2.15230856690164,2020-11-01,192,"South America","VIII","November 01"
4,-1.73418070147166,2020-11-01,193,"South America","VIII","November 01"
4,-2.10756147405362,2020-11-01,194,"South America","VIII","November 01"
4,-1.92101316940261,2020-11-01,195,"South America","VIII","November 01"
4,-2.16483762796307,2020-11-01,196,"South America","VIII","November 01"
4,-2.13751475822508,2020-11-01,197,"South America","VIII","November 01"
4,-2.00498296302259,2020-11-01,198,"South America","VIII","November 01"
4,-1.83190558355646,2020-11-01,199,"South America","VIII","November 01"
4,-1.82927006516763,2020-11-01,200,"South America","VIII","November 01"
4,NA,2020-11-01,NA,"South America","III","November 01"
4,NA,2020-11-01,NA,"South America","II","November 01"
5,-2.11397077438277,2020-12-01,1,"South America","VIII","December 01"
5,-2.2283815096221,2020-12-01,2,"South America","VIII","December 01"
5,-2.30515709706056,2020-12-01,3,"South America","VIII","December 01"
5,-2.11425260592272,2020-12-01,4,"South America","VIII","December 01"
5,-2.37941503870816,2020-12-01,5,"South America","VIII","December 01"
5,-2.15156506396383,2020-12-01,6,"South America","VIII","December 01"
5,-2.19600080633461,2020-12-01,7,"South America","VIII","December 01"
5,-2.46928820458254,2020-12-01,8,"South America","VIII","December 01"
5,-2.26629373310604,2020-12-01,9,"South America","VIII","December 01"
5,-2.16199627897973,2020-12-01,10,"South America","VIII","December 01"
5,-2.24022510504657,2020-12-01,11,"South America","VIII","December 01"
5,-2.21009722558817,2020-12-01,12,"South America","VIII","December 01"
5,-2.33064965571254,2020-12-01,13,"South America","VIII","December 01"
5,-2.26545499494388,2020-12-01,14,"South America","VIII","December 01"
5,-2.23977464337226,2020-12-01,15,"South America","VIII","December 01"
5,-2.18137695978448,2020-12-01,16,"South America","VIII","December 01"
5,-2.22567345426608,2020-12-01,17,"South America","VIII","December 01"
5,-1.99791888256234,2020-12-01,18,"South America","VIII","December 01"
5,-2.25555860827996,2020-12-01,19,"South America","VIII","December 01"
5,-2.23807187084678,2020-12-01,20,"South America","VIII","December 01"
5,-2.4374586028252,2020-12-01,21,"South America","VIII","December 01"
5,-2.31914903429509,2020-12-01,22,"South America","VIII","December 01"
5,-2.21828423297124,2020-12-01,23,"South America","VIII","December 01"
5,-2.22065758009997,2020-12-01,24,"South America","VIII","December 01"
5,-2.05472085067785,2020-12-01,25,"South America","VIII","December 01"
5,-2.2261478251318,2020-12-01,26,"South America","VIII","December 01"
5,-2.38533597710106,2020-12-01,27,"South America","VIII","December 01"
5,-2.21036059655496,2020-12-01,28,"South America","VIII","December 01"
5,-2.10596249879125,2020-12-01,29,"South America","VIII","December 01"
5,-2.20641038004968,2020-12-01,30,"South America","VIII","December 01"
5,-2.2127516085082,2020-12-01,31,"South America","VIII","December 01"
5,-2.25051860672322,2020-12-01,32,"South America","VIII","December 01"
5,-2.23160902944399,2020-12-01,33,"South America","VIII","December 01"
5,-2.26728162177607,2020-12-01,34,"South America","VIII","December 01"
5,-2.27026043003145,2020-12-01,35,"South America","VIII","December 01"
5,-2.40762514268719,2020-12-01,36,"South America","VIII","December 01"
5,-2.13811215005691,2020-12-01,37,"South America","VIII","December 01"
5,-2.31524092171464,2020-12-01,38,"South America","VIII","December 01"
5,-2.28969089985469,2020-12-01,39,"South America","VIII","December 01"
5,-2.2939432550745,2020-12-01,40,"South America","VIII","December 01"
5,-2.29624048593733,2020-12-01,41,"South America","VIII","December 01"
5,-2.29765814416739,2020-12-01,42,"South America","VIII","December 01"
5,-2.32024280755441,2020-12-01,43,"South America","VIII","December 01"
5,-2.29700813430333,2020-12-01,44,"South America","VIII","December 01"
5,-2.25422465358308,2020-12-01,45,"South America","VIII","December 01"
5,-2.35302479626102,2020-12-01,46,"South America","VIII","December 01"
5,-2.31866980642356,2020-12-01,47,"South America","VIII","December 01"
5,-2.33646313687882,2020-12-01,48,"South America","VIII","December 01"
5,-2.2448085064745,2020-12-01,49,"South America","VIII","December 01"
5,-2.1994972980678,2020-12-01,50,"South America","VIII","December 01"
5,-2.11197466214942,2020-12-01,51,"South America","VIII","December 01"
5,-2.36249039950865,2020-12-01,52,"South America","VIII","December 01"
5,-2.26090749450025,2020-12-01,53,"South America","VIII","December 01"
5,-2.07256105837638,2020-12-01,54,"South America","VIII","December 01"
5,-2.29837108670153,2020-12-01,55,"South America","VIII","December 01"
5,-2.3900908161392,2020-12-01,56,"South America","VIII","December 01"
5,-2.098104777969,2020-12-01,57,"South America","VIII","December 01"
5,-2.11368737349019,2020-12-01,58,"South America","VIII","December 01"
5,-2.32255410236865,2020-12-01,59,"South America","VIII","December 01"
5,-2.06895936485155,2020-12-01,60,"South America","VIII","December 01"
5,-2.36720222280029,2020-12-01,61,"South America","VIII","December 01"
5,-2.24926142178592,2020-12-01,62,"South America","VIII","December 01"
5,-2.19912890701328,2020-12-01,63,"South America","VIII","December 01"
5,-2.45489889734665,2020-12-01,64,"South America","VIII","December 01"
5,-1.95822524483874,2020-12-01,65,"South America","VIII","December 01"
5,-2.26748278232552,2020-12-01,66,"South America","VIII","December 01"
5,-2.05186576707764,2020-12-01,67,"South America","VIII","December 01"
5,-2.27012784572679,2020-12-01,68,"South America","VIII","December 01"
5,-2.1544865515062,2020-12-01,69,"South America","VIII","December 01"
5,-2.23367635159311,2020-12-01,70,"South America","VIII","December 01"
5,-2.47129073632961,2020-12-01,71,"South America","VIII","December 01"
5,-2.1871245825322,2020-12-01,72,"South America","VIII","December 01"
5,-2.14192394346667,2020-12-01,73,"South America","VIII","December 01"
5,-2.23414643103246,2020-12-01,74,"South America","VIII","December 01"
5,-2.26980910418846,2020-12-01,75,"South America","VIII","December 01"
5,-2.25878213533829,2020-12-01,76,"South America","VIII","December 01"
5,-2.24745502535843,2020-12-01,77,"South America","VIII","December 01"
5,-2.11928897677695,2020-12-01,78,"South America","VIII","December 01"
5,-2.17884391773758,2020-12-01,79,"South America","VIII","December 01"
5,-2.30430558516573,2020-12-01,80,"South America","VIII","December 01"
5,-2.19292044575703,2020-12-01,81,"South America","VIII","December 01"
5,-2.22626640660903,2020-12-01,82,"South America","VIII","December 01"
5,-2.30805135364431,2020-12-01,83,"South America","VIII","December 01"
5,-2.34703271807726,2020-12-01,84,"South America","VIII","December 01"
5,-2.23765742261177,2020-12-01,85,"South America","VIII","December 01"
5,-2.36279635228812,2020-12-01,86,"South America","VIII","December 01"
5,-2.37910128743389,2020-12-01,87,"South America","VIII","December 01"
5,-2.35282579302044,2020-12-01,88,"South America","VIII","December 01"
5,-2.26275651316725,2020-12-01,89,"South America","VIII","December 01"
5,-2.38990841592448,2020-12-01,90,"South America","VIII","December 01"
5,-2.21335508930525,2020-12-01,91,"South America","VIII","December 01"
5,-2.54145424531667,2020-12-01,92,"South America","VIII","December 01"
5,-2.04830023693488,2020-12-01,93,"South America","VIII","December 01"
5,-2.4090388753061,2020-12-01,94,"South America","VIII","December 01"
5,-2.33022920378807,2020-12-01,95,"South America","VIII","December 01"
5,-2.30021378765839,2020-12-01,96,"South America","VIII","December 01"
5,-2.45594652998016,2020-12-01,97,"South America","VIII","December 01"
5,-2.28537009427764,2020-12-01,98,"South America","VIII","December 01"
5,-2.08902192751612,2020-12-01,99,"South America","VIII","December 01"
5,-2.18895613101259,2020-12-01,100,"South America","VIII","December 01"
5,-2.30679127296711,2020-12-01,101,"South America","VIII","December 01"
5,-2.29598249955439,2020-12-01,102,"South America","VIII","December 01"
5,-2.3079827670137,2020-12-01,103,"South America","VIII","December 01"
5,-2.29562842845556,2020-12-01,104,"South America","VIII","December 01"
5,-2.34442606310911,2020-12-01,105,"South America","VIII","December 01"
5,-2.23850041584977,2020-12-01,106,"South America","VIII","December 01"
5,-2.18831181803689,2020-12-01,107,"South America","VIII","December 01"
5,-2.36452574915034,2020-12-01,108,"South America","VIII","December 01"
5,-2.20837628127971,2020-12-01,109,"South America","VIII","December 01"
5,-2.4044477713019,2020-12-01,110,"South America","VIII","December 01"
5,-2.23681621068442,2020-12-01,111,"South America","VIII","December 01"
5,-2.31323332649374,2020-12-01,112,"South America","VIII","December 01"
5,-2.40760138228606,2020-12-01,113,"South America","VIII","December 01"
5,-2.09073748154668,2020-12-01,114,"South America","VIII","December 01"
5,-2.26955362359187,2020-12-01,115,"South America","VIII","December 01"
5,-2.35814207397417,2020-12-01,116,"South America","VIII","December 01"
5,-2.29939819110259,2020-12-01,117,"South America","VIII","December 01"
5,-2.30400893156396,2020-12-01,118,"South America","VIII","December 01"
5,-2.3401529768307,2020-12-01,119,"South America","VIII","December 01"
5,-2.12844138989237,2020-12-01,120,"South America","VIII","December 01"
5,-2.27982209868735,2020-12-01,121,"South America","VIII","December 01"
5,-2.11978325718442,2020-12-01,122,"South America","VIII","December 01"
5,-2.42458841765376,2020-12-01,123,"South America","VIII","December 01"
5,-2.17391529980032,2020-12-01,124,"South America","VIII","December 01"
5,-2.35242605646007,2020-12-01,125,"South America","VIII","December 01"
5,-2.29809428398293,2020-12-01,126,"South America","VIII","December 01"
5,-2.18441832151116,2020-12-01,127,"South America","VIII","December 01"
5,-2.45604615587346,2020-12-01,128,"South America","VIII","December 01"
5,-2.23935327883208,2020-12-01,129,"South America","VIII","December 01"
5,-2.34699335397042,2020-12-01,130,"South America","VIII","December 01"
5,-2.28792913458798,2020-12-01,131,"South America","VIII","December 01"
5,-2.29585182184281,2020-12-01,132,"South America","VIII","December 01"
5,-2.27806665090676,2020-12-01,133,"South America","VIII","December 01"
5,-2.1732089467497,2020-12-01,134,"South America","VIII","December 01"
5,-2.24055220831745,2020-12-01,135,"South America","VIII","December 01"
5,-2.24500568651098,2020-12-01,136,"South America","VIII","December 01"
5,-2.24364602553148,2020-12-01,137,"South America","VIII","December 01"
5,-2.19272669963324,2020-12-01,138,"South America","VIII","December 01"
5,-2.30653443504689,2020-12-01,139,"South America","VIII","December 01"
5,-2.24356661054193,2020-12-01,140,"South America","VIII","December 01"
5,-2.26582626687145,2020-12-01,141,"South America","VIII","December 01"
5,-2.10922923977894,2020-12-01,142,"South America","VIII","December 01"
5,-2.33404726787321,2020-12-01,143,"South America","VIII","December 01"
5,-2.17257135675895,2020-12-01,144,"South America","VIII","December 01"
5,-2.28696409117602,2020-12-01,145,"South America","VIII","December 01"
5,-2.13190041443237,2020-12-01,146,"South America","VIII","December 01"
5,-2.07027354071986,2020-12-01,147,"South America","VIII","December 01"
5,-2.37813498298274,2020-12-01,148,"South America","VIII","December 01"
5,-2.26134378365732,2020-12-01,149,"South America","VIII","December 01"
5,-2.15740103958933,2020-12-01,150,"South America","VIII","December 01"
5,-2.22143832379313,2020-12-01,151,"South America","VIII","December 01"
5,-2.29678478936092,2020-12-01,152,"South America","VIII","December 01"
5,-2.40621914911681,2020-12-01,153,"South America","VIII","December 01"
5,-2.1823888609063,2020-12-01,154,"South America","VIII","December 01"
5,-2.29807193032489,2020-12-01,155,"South America","VIII","December 01"
5,-2.21028894912352,2020-12-01,156,"South America","VIII","December 01"
5,-2.51001619491372,2020-12-01,157,"South America","VIII","December 01"
5,-2.2336615751494,2020-12-01,158,"South America","VIII","December 01"
5,-2.19234595664321,2020-12-01,159,"South America","VIII","December 01"
5,-2.19844733271838,2020-12-01,160,"South America","VIII","December 01"
5,-2.24093728034678,2020-12-01,161,"South America","VIII","December 01"
5,-2.09974788083892,2020-12-01,162,"South America","VIII","December 01"
5,-2.3850983682438,2020-12-01,163,"South America","VIII","December 01"
5,-2.31326417720813,2020-12-01,164,"South America","VIII","December 01"
5,-2.13383462583138,2020-12-01,165,"South America","VIII","December 01"
5,-2.3451769657816,2020-12-01,166,"South America","VIII","December 01"
5,-2.24073693494249,2020-12-01,167,"South America","VIII","December 01"
5,-2.54029175533299,2020-12-01,168,"South America","VIII","December 01"
5,-2.40584064169245,2020-12-01,169,"South America","VIII","December 01"
5,-2.04914543743607,2020-12-01,170,"South America","VIII","December 01"
5,-1.8375662726089,2020-12-01,171,"South America","VIII","December 01"
5,-2.28615236967499,2020-12-01,172,"South America","VIII","December 01"
5,-2.40366053809257,2020-12-01,173,"South America","VIII","December 01"
5,-2.30504217657458,2020-12-01,174,"South America","VIII","December 01"
5,-2.14794848028303,2020-12-01,175,"South America","VIII","December 01"
5,-2.05447340487934,2020-12-01,176,"South America","VIII","December 01"
5,-2.14468489325753,2020-12-01,177,"South America","VIII","December 01"
5,-2.17076485397416,2020-12-01,178,"South America","VIII","December 01"
5,-2.33344197154262,2020-12-01,179,"South America","VIII","December 01"
5,-2.31353571533997,2020-12-01,180,"South America","VIII","December 01"
5,-2.32731511710237,2020-12-01,181,"South America","VIII","December 01"
5,-2.15380192036342,2020-12-01,182,"South America","VIII","December 01"
5,-2.29641333830542,2020-12-01,183,"South America","VIII","December 01"
5,-2.22770862839264,2020-12-01,184,"South America","VIII","December 01"
5,-2.28706239597634,2020-12-01,185,"South America","VIII","December 01"
5,-2.29910979902682,2020-12-01,186,"South America","VIII","December 01"
5,-2.11993804777764,2020-12-01,187,"South America","VIII","December 01"
5,-2.34680620369295,2020-12-01,188,"South America","VIII","December 01"
5,-2.31182598926655,2020-12-01,189,"South America","VIII","December 01"
5,-2.19952907644233,2020-12-01,190,"South America","VIII","December 01"
5,-2.10511962277179,2020-12-01,191,"South America","VIII","December 01"
5,-2.01202098450919,2020-12-01,192,"South America","VIII","December 01"
5,-2.41927954468771,2020-12-01,193,"South America","VIII","December 01"
5,-2.19355595453104,2020-12-01,194,"South America","VIII","December 01"
5,-2.12594766099175,2020-12-01,195,"South America","VIII","December 01"
5,-2.34193735173886,2020-12-01,196,"South America","VIII","December 01"
5,-2.2612680344775,2020-12-01,197,"South America","VIII","December 01"
5,-2.07659227430915,2020-12-01,198,"South America","VIII","December 01"
5,-2.05659056737691,2020-12-01,199,"South America","VIII","December 01"
5,-2.17558490997394,2020-12-01,200,"South America","VIII","December 01"
5,NA,2020-12-01,NA,"South America","III","December 01"
5,NA,2020-12-01,NA,"South America","II","December 01"
